CustomerID,Gender,Age,Tenure,Balance,NumOfProducts,IsActiveMember,EstimatedSalary,Exited
9809925,Female,27,10,139704.0,2,0,125102.33,1
36123788,Female,25,1,168941.23,1,0,138120.19,0
36489822,Male,36,4,115364.73,3,0,112234.93,0
24657143,Female,56,5,246867.28,3,0,99995.04,0
18416740,Male,40,4,240876.52,4,0,121838.49,0
5985719,Female,41,8,234665.33,3,1,186933.19,0
98557330,Male,32,2,235971.25,3,0,85349.59,0
30344690,Female,63,9,122566.98,3,0,38853.12,1
18883371,Male,28,8,152370.01,3,0,80069.88,0
47515751,Male,58,9,222656.22,1,0,135656.09,0
42419097,Male,64,3,43240.73,3,0,89225.43,0
58256496,Female,49,5,12063.86,3,1,183542.62,1
8603527,Male,40,7,68589.52,4,1,29172.86,1
67838820,Male,63,0,148158.78,2,1,165458.34,1
28867380,Male,43,9,86755.89,2,0,154026.19,0
81323528,Female,68,4,229749.98,4,1,57144.53,0
99386602,Male,35,4,14573.07,4,0,145360.18,0
99086006,Male,31,4,242020.72,4,0,132844.79,1
89994578,Male,21,6,12355.34,4,1,132884.32,0
43515661,Male,44,6,223402.99,4,1,128649.64,1
40896619,Male,67,4,139460.64,2,0,25158.0,1
52759979,Male,63,2,100407.51,1,0,64563.47,1
88124802,Female,55,8,98089.91,2,0,112487.57,0
53209291,Female,60,4,39807.23,4,1,20972.58,1
9813539,Male,66,6,99762.9,3,1,103334.0,1
9088499,Male,54,5,211045.14,2,0,111912.0,0
67657509,Female,58,2,127518.12,2,1,52434.72,1
82163327,Male,40,4,164075.05,4,1,41005.46,1
40923710,Female,56,7,180424.22,3,0,139176.82,0
56554173,Male,40,5,170522.13,3,1,43296.42,1
76904911,Female,34,0,60467.03,4,0,94537.44,1
80972376,Male,55,2,144042.13,3,0,84010.61,0
69126143,Male,35,1,145366.31,2,1,135547.28,1
16350018,Female,58,10,64515.03,1,1,38356.99,1
54911240,Male,56,7,160560.36,4,1,71343.8,0
11117806,Male,46,1,201231.54,4,0,102205.64,0
85572736,Male,22,4,26628.55,4,1,46680.23,0
94035196,Female,62,5,151797.59,1,1,31480.71,1
11431216,Female,21,4,163789.97,3,1,25839.33,1
75621397,Female,29,7,6011.79,1,0,179272.46,0
45044415,Female,34,8,207074.09,1,1,124669.61,1
88407870,Female,30,8,75897.45,2,0,157019.31,1
22418902,Female,25,7,231759.07,4,0,88355.17,0
76664843,Female,59,3,114101.02,1,0,73951.6,1
41785160,Male,56,2,64329.41,2,0,40075.26,1
39699866,Female,68,4,1050.63,3,1,68355.96,0
72144760,Male,46,1,235011.27,4,0,58167.51,1
59298076,Female,34,5,114955.12,3,1,36180.95,1
61830090,Male,33,4,146564.01,1,1,71461.18,1
64876048,Male,52,1,76165.56,4,1,165343.76,1
51308252,Male,31,5,210274.24,3,0,35782.17,1
82524252,Female,34,1,98089.48,2,0,161399.7,0
99303858,Male,57,7,246593.09,2,0,120311.49,1
76163167,Male,38,4,107717.09,4,0,134588.46,1
16063206,Male,38,2,96726.19,4,1,117776.52,0
3695078,Female,25,1,224459.66,3,0,108511.23,1
67493718,Male,29,10,229392.69,1,0,64223.71,0
2412064,Male,39,7,25492.99,4,0,82380.85,0
82665737,Male,26,5,22685.17,1,1,123317.92,0
97149619,Male,40,0,161128.65,3,1,164112.07,1
70227583,Male,45,1,131762.46,4,1,51429.5,1
89959273,Female,18,2,3864.42,4,0,142663.06,0
61335003,Male,38,9,203927.8,3,1,154580.82,1
91101674,Female,68,9,105255.51,2,0,144470.67,1
58156066,Female,59,7,133917.16,3,1,130217.68,1
61575089,Female,62,9,29111.05,3,0,21615.17,1
82198504,Female,31,6,24168.8,2,1,77014.32,0
24569116,Male,51,10,48302.03,1,1,145392.87,1
72599378,Female,45,4,132385.25,3,1,66423.7,1
11919711,Male,58,6,31153.72,3,1,11670.91,0
65164487,Male,20,5,48715.62,3,0,196229.01,1
44648377,Female,67,5,239860.34,3,0,59213.03,1
44513906,Male,26,1,220513.98,3,1,33850.44,1
8587615,Female,50,5,8761.89,2,1,49744.96,0
52502348,Female,53,4,93038.9,4,1,140538.45,0
19161935,Male,27,7,122897.79,2,1,168206.52,1
78844511,Male,25,10,148082.02,3,0,26084.81,1
87965102,Female,69,1,74109.09,4,0,52815.06,1
62250289,Male,50,8,240250.09,2,1,124786.69,0
72971810,Male,20,2,58394.54,3,1,15332.47,1
50734701,Female,27,1,238812.25,1,0,164885.63,0
98926767,Female,40,0,178608.09,3,0,33606.92,1
7337617,Male,63,6,194088.67,3,1,62436.89,0
69373806,Female,46,9,199121.41,2,0,26761.64,1
43484001,Male,28,8,112107.63,3,1,55514.65,1
29699403,Male,27,7,20739.57,2,1,21026.38,1
50357167,Male,24,4,140866.68,1,1,194934.44,0
65861555,Female,54,6,8800.58,3,0,146524.31,0
84459434,Male,47,2,106548.58,4,0,181621.64,0
94982472,Male,42,9,32460.85,4,0,22050.96,0
54149112,Male,47,5,217760.99,1,0,57755.35,0
8181051,Female,34,0,89835.44,2,1,40933.14,0
28372683,Male,57,0,124773.94,2,1,155370.77,1
87440605,Male,47,7,214298.63,3,0,11083.06,1
73832818,Female,66,5,28986.25,3,0,70949.96,1
23657551,Male,51,2,115731.75,3,0,57294.24,0
91312215,Male,33,6,70636.15,3,1,42404.34,0
33108367,Female,57,7,100992.16,3,0,189457.7,1
55348325,Male,53,10,48804.57,4,1,35837.36,1
66610852,Female,62,7,137472.47,4,1,41745.64,0
7637961,Male,64,4,151710.76,1,0,71688.61,1
31775499,Female,39,7,65216.55,3,0,22247.68,0
40146419,Female,55,5,54988.64,1,1,54350.89,1
8064207,Male,54,10,152179.82,2,1,182025.88,1
41091929,Male,24,1,83637.9,2,0,29885.52,0
79520298,Female,26,1,236006.73,4,1,186818.23,1
75387058,Male,44,2,186614.1,3,1,160961.53,1
76395825,Male,31,5,118110.9,2,1,150877.82,0
26361187,Female,53,8,239089.96,1,0,150259.88,0
18332421,Female,40,1,228627.21,2,0,60635.51,1
87778116,Male,60,5,66232.07,3,1,122375.28,1
77476183,Female,42,0,211131.39,2,0,110272.84,1
56821397,Female,48,10,138445.59,1,0,188839.27,1
29978699,Male,27,5,233124.99,2,0,180646.94,0
58757201,Female,57,5,195499.47,2,0,117823.29,1
88578639,Male,43,8,150189.36,4,0,166218.39,1
85789435,Female,48,8,130167.61,1,1,38535.2,1
145790,Male,20,0,233889.24,3,1,164508.21,1
52187058,Female,67,7,225107.98,2,1,130573.87,0
91759826,Male,64,0,44287.86,3,1,102376.33,1
34953322,Male,21,5,173344.92,4,1,83328.99,1
30273953,Female,25,10,209387.75,2,1,168169.82,1
4602328,Male,50,8,166377.85,3,0,38536.26,1
52705623,Female,58,5,167905.9,1,1,80323.26,1
34934048,Male,52,3,235545.98,1,0,166004.6,1
5723700,Female,34,9,105076.17,3,1,51508.55,1
1181935,Female,32,3,31960.97,4,0,189706.22,1
88255210,Male,63,6,209211.19,4,0,175621.12,0
62183898,Male,50,1,104511.8,1,1,107025.9,1
36138524,Male,55,8,214582.37,2,1,156970.65,1
25313664,Male,30,2,145126.01,4,0,169443.15,1
66707782,Male,21,3,147560.16,4,1,131125.07,0
17237356,Male,44,7,44137.73,4,0,168362.52,1
63292371,Male,67,4,147861.47,1,0,19432.44,0
75157346,Male,51,0,85060.31,3,0,82746.66,1
78148540,Male,51,4,16281.44,2,1,62850.92,1
34883176,Male,34,6,41716.99,1,1,62730.1,0
39386265,Female,36,9,3410.93,2,1,128874.56,0
42274018,Female,42,4,245425.17,2,0,157461.27,1
14327944,Female,37,3,67344.25,1,0,123534.93,0
14333741,Male,36,2,21016.65,1,1,65794.19,1
22658159,Male,44,1,9079.39,1,1,161534.06,0
41318990,Male,49,4,237885.05,2,1,131650.77,1
51052198,Female,44,2,121250.29,1,0,165872.46,1
26878364,Male,33,1,243716.95,2,1,52632.04,0
69783011,Male,59,6,206041.63,2,1,50125.07,0
90651047,Male,24,7,18248.53,1,1,111491.81,1
37407882,Male,61,5,14588.45,1,1,41262.81,0
68532588,Male,58,1,208029.98,2,0,50437.35,0
9213734,Female,60,9,109014.13,1,1,181508.13,1
50201201,Male,56,2,137661.64,1,1,155658.4,0
67410972,Male,26,7,196076.8,1,1,141775.86,0
85534896,Female,32,3,61113.74,1,0,102181.65,1
8227949,Male,61,0,184015.28,2,0,117844.06,0
25962260,Male,55,8,90235.07,1,0,27113.32,1
50982116,Female,41,4,195192.24,3,0,138917.99,1
76570020,Female,58,1,213876.4,3,1,68511.41,1
40601227,Female,23,5,87537.27,4,1,195527.64,1
52323664,Male,67,3,234522.12,2,0,162221.03,1
24940622,Female,43,4,56111.02,4,0,186144.03,0
25938450,Male,40,2,162313.37,4,0,16528.81,1
69516230,Female,26,10,17899.67,1,0,74347.61,1
9295344,Male,39,10,74770.46,1,1,27772.46,0
89690137,Female,65,4,37548.87,1,0,167419.19,0
90141707,Male,50,5,171822.72,3,1,17610.08,1
96243751,Male,18,5,66038.43,3,0,39166.06,0
94580198,Male,39,0,240727.4,1,1,185290.08,1
14036641,Female,25,0,122629.04,4,1,143287.75,0
40572855,Female,35,7,48341.24,3,0,66129.52,1
37536324,Female,18,5,97373.54,2,1,171596.08,0
4740140,Female,35,0,123094.17,3,1,56625.97,0
79573625,Female,53,10,226365.62,1,0,163489.63,0
73720784,Female,46,5,108502.01,3,1,41462.13,1
63650643,Female,23,0,141882.2,1,0,75054.25,1
6496640,Female,19,2,96687.0,4,1,111950.93,1
53346079,Male,37,4,37707.09,1,0,15966.89,0
8403665,Male,50,7,186169.24,4,1,15548.11,1
44800896,Female,30,5,15547.75,3,0,57988.02,1
376350,Male,46,3,163877.59,3,0,181223.91,0
76643499,Male,29,7,12701.78,4,1,59227.58,1
90131392,Female,42,8,238203.8,1,1,197121.41,1
4179605,Female,21,5,89344.06,4,0,89298.19,0
14872670,Male,21,2,248260.21,4,1,66086.42,1
72719155,Male,48,3,236491.43,4,1,199319.13,0
73291925,Female,42,4,119049.52,4,0,103412.32,0
83380503,Female,18,10,220477.1,3,1,127005.78,1
25780991,Male,53,7,134495.03,3,1,141248.16,0
32773480,Male,42,6,221256.74,4,1,171358.81,0
99494829,Male,37,7,41460.43,3,0,156899.27,0
95351660,Male,57,4,242130.94,1,0,95157.49,1
88142120,Male,64,1,86661.51,2,1,189251.27,1
88754594,Male,36,1,134617.59,1,0,143460.95,1
85886358,Male,53,5,248224.45,3,1,54988.9,1
31245887,Female,44,10,61724.71,3,0,139893.66,0
56555654,Female,23,8,3758.37,4,0,13897.03,1
98882035,Male,47,6,84822.67,4,1,63763.79,0
39693652,Female,32,2,40882.86,2,1,180168.29,0
47449861,Male,69,10,10195.79,2,1,58821.36,0
23006333,Female,59,4,144243.93,2,1,33735.62,0
25262715,Male,33,4,236297.32,4,0,131320.64,1
58166246,Male,66,9,167605.31,3,0,164281.67,0
98537847,Female,42,6,19586.34,2,1,192369.77,0
18983539,Male,29,8,163013.25,3,1,24038.98,0
29341621,Female,42,5,93996.71,2,0,70202.18,0
99308404,Female,27,1,95164.09,3,0,112662.24,1
60122230,Male,45,6,34805.38,3,1,34788.69,1
39446672,Male,38,6,247886.53,4,1,193601.55,1
1314537,Female,22,3,127327.79,2,1,123941.53,0
71702443,Female,69,4,73688.28,1,1,34673.02,1
15217818,Female,69,9,31642.19,1,0,133705.91,0
81350645,Female,46,6,195195.87,3,0,143563.83,0
54980574,Male,36,2,229668.33,3,0,147553.19,0
94861337,Female,35,0,108238.07,1,1,71135.87,0
5152621,Male,23,8,150122.1,1,1,25750.08,0
12839987,Female,41,7,224828.85,1,1,92302.94,0
540841,Male,63,7,90272.12,4,1,108021.77,0
82182639,Female,36,10,10630.18,2,1,23084.63,1
44495798,Male,28,1,61786.54,1,0,54775.56,0
8178115,Female,32,3,27622.9,1,0,133754.8,1
88945114,Male,53,7,117764.51,1,1,195308.48,0
8991216,Female,54,4,90387.86,4,1,52392.06,1
49113920,Female,58,8,238624.32,1,0,18825.89,1
89110548,Female,62,4,85670.64,4,1,159097.63,1
5297342,Female,59,5,168259.6,4,1,61330.8,1
71600306,Male,52,9,55523.78,4,0,199049.49,0
95226547,Male,57,1,235757.14,4,1,143370.56,0
23413103,Female,64,1,94659.01,2,1,12757.74,0
14824510,Male,57,6,173472.49,4,0,119591.9,1
42071669,Male,30,10,224450.5,2,1,116412.41,0
155124,Female,57,4,42294.09,2,0,12089.73,1
52458009,Female,27,0,217011.26,2,0,128354.67,1
72027022,Female,21,3,201472.0,4,1,112231.56,1
69721288,Female,59,2,153620.69,2,1,53173.16,1
51407274,Female,31,2,201044.73,1,1,58518.94,1
11289905,Female,54,3,189755.48,3,0,185077.64,1
92418577,Male,31,1,154049.79,3,1,133780.38,1
26141243,Female,63,4,225514.74,4,1,177909.8,0
77138250,Female,52,3,35889.06,2,1,196539.48,1
7663792,Female,30,8,244929.53,2,1,146191.45,1
95434898,Male,22,1,194075.19,2,1,44468.36,0
14215209,Male,68,9,91962.89,3,0,54919.11,0
98135001,Male,54,6,176750.5,4,1,137332.43,1
55793843,Female,36,4,52334.07,1,0,47023.98,0
63675788,Female,49,0,108173.28,1,0,116447.33,0
68934245,Male,27,1,187459.19,2,1,143295.15,1
90991260,Male,18,9,27775.62,2,1,26962.64,1
98380544,Female,19,10,36040.0,2,1,124749.48,0
40593892,Male,44,4,147020.28,3,0,56514.29,0
81009753,Male,25,10,241693.18,4,0,126067.18,0
58720499,Female,39,2,56249.72,3,1,126053.8,1
99517427,Female,57,10,134985.03,4,0,177339.82,1
45624332,Male,57,8,9465.73,2,1,82733.43,1
6176290,Female,60,7,119521.5,4,0,109327.88,0
33485544,Male,60,1,78080.92,2,0,65023.74,1
67983258,Male,59,9,3710.68,2,0,145915.47,0
94426848,Female,20,3,226096.28,1,0,162564.97,0
75719053,Male,36,8,140079.91,4,1,198784.77,0
4928349,Male,50,6,10831.91,1,1,56405.12,0
75667819,Male,27,2,154108.6,1,1,163294.59,1
77578238,Female,40,10,51380.81,4,1,28527.33,1
72367612,Male,27,6,27947.65,2,0,26158.9,1
33777962,Female,50,7,206900.87,4,1,59491.18,1
89580350,Female,48,3,207307.53,4,0,152204.85,0
48031184,Male,67,6,50187.38,2,1,110066.5,0
52495785,Female,67,1,161823.67,1,0,162284.76,0
46509249,Male,60,0,245274.03,2,1,180396.4,1
26614515,Male,62,7,97044.18,2,0,193914.72,0
71501973,Female,55,8,69262.24,3,1,54997.88,0
16539253,Male,42,0,40308.0,4,1,20263.87,1
71776820,Male,25,9,193403.28,2,1,176675.85,1
97847341,Male,22,10,213488.91,4,0,118698.45,1
73363753,Female,20,10,150939.53,4,0,32474.01,1
79007959,Male,24,3,179892.94,2,0,24526.92,0
47459226,Female,64,4,39653.98,2,1,76509.84,1
14679613,Female,47,8,113904.24,4,1,42191.03,1
29038433,Female,30,8,52589.41,2,0,124006.4,0
75579587,Female,21,9,99735.23,1,1,177236.32,0
14190581,Male,27,3,97590.21,2,0,81302.13,1
39135415,Male,61,1,41628.67,4,0,125025.37,0
19655023,Female,38,5,62080.54,3,1,90627.17,0
99278332,Female,24,7,1656.41,4,1,59902.21,0
4531559,Female,67,5,205822.16,1,0,59285.21,1
42889301,Female,31,7,178242.17,1,0,141859.44,1
8041256,Male,64,0,138465.51,1,0,11755.26,0
69924373,Male,20,6,71344.59,3,1,35519.69,0
29470857,Female,31,9,57252.46,3,0,109351.82,1
46319071,Male,50,9,37372.34,1,1,12388.34,0
60756148,Female,21,0,43072.55,2,0,38007.57,0
78241876,Female,47,4,109340.96,4,1,146278.61,0
49343574,Male,44,0,15884.44,1,1,52034.89,1
30641126,Male,28,5,117174.02,4,1,169309.66,1
71681201,Male,67,3,239302.26,3,0,133109.09,0
91724109,Male,68,7,68869.99,4,0,195808.59,0
4968927,Female,21,5,238966.67,1,1,86741.45,1
27099291,Male,21,3,46551.0,1,0,64160.22,0
72960445,Female,26,2,129784.13,2,1,107562.55,1
90346268,Female,50,3,107943.95,2,0,40543.14,1
9085916,Female,65,10,176458.25,3,1,180392.65,0
62531167,Male,61,10,83647.88,3,1,187784.86,0
95034276,Female,48,10,113299.83,4,1,36567.42,1
32464789,Female,31,10,236645.01,3,0,38078.45,0
17107462,Male,19,9,113654.21,1,0,163335.68,0
87159464,Female,40,2,78516.79,4,0,178792.83,1
50925578,Female,46,4,150827.71,2,1,83110.2,1
9051605,Male,59,2,102868.31,3,0,92337.21,0
36965380,Female,64,8,217425.01,3,0,135406.19,0
40817270,Male,67,4,178128.15,3,1,178928.65,1
77472757,Male,31,8,52157.84,4,0,96742.87,1
27742605,Male,46,6,118315.17,1,0,93829.35,0
36243123,Male,30,5,61375.28,2,1,93207.72,0
67798984,Female,50,0,201682.46,3,1,172589.81,0
57565136,Male,26,9,97743.96,3,0,104392.55,1
5906270,Male,36,4,110296.93,4,0,173290.15,1
62560389,Female,63,5,222103.64,2,0,103985.57,0
32635946,Male,56,6,4388.0,2,1,63814.54,0
25573242,Male,28,8,195013.33,2,0,50974.51,0
18639631,Female,68,10,14590.09,2,0,42072.0,1
48236383,Male,59,10,194042.09,2,0,126963.64,0
43588997,Male,45,3,92840.62,4,0,107705.59,0
96286631,Male,60,1,61275.12,4,1,106366.31,0
89157030,Male,65,8,71435.12,1,0,50625.83,0
86547405,Male,62,7,200217.59,1,0,21989.77,0
27794765,Female,53,3,103646.32,4,1,48243.52,0
79298790,Female,26,5,107134.94,3,0,113083.8,0
27974478,Male,39,9,21106.58,3,1,125136.96,1
50756467,Male,46,2,241775.89,1,0,135579.31,1
1868826,Female,24,9,239792.26,3,1,187707.79,1
30808346,Female,55,4,117156.21,1,1,109368.83,0
46493706,Male,56,2,228042.75,1,0,62047.59,0
54861944,Female,37,0,127019.62,3,1,189543.4,0
51409048,Male,38,0,87268.85,3,1,82193.06,0
57922768,Male,55,0,196429.56,4,0,68733.62,0
74075721,Female,52,3,166961.46,3,1,60197.45,0
69253088,Male,69,8,209977.09,4,0,166360.4,1
8073366,Male,42,9,223616.56,3,1,160035.38,0
60650831,Male,43,2,96605.95,2,0,180751.63,1
84299491,Male,31,4,212089.76,3,1,47575.05,0
27240485,Female,43,0,208674.21,2,1,22549.0,1
74796012,Male,49,3,103451.65,4,0,159790.02,1
30765108,Male,69,7,56548.9,2,0,135285.59,1
54399784,Female,69,10,134648.55,2,1,145351.14,0
94156693,Male,48,6,81481.45,4,0,61849.86,1
80254488,Female,43,3,237272.44,3,0,51416.73,0
70511396,Female,20,10,22997.87,3,1,80998.82,1
79872558,Male,44,5,154201.06,3,0,42249.66,0
36257296,Male,38,6,165288.47,3,1,120589.63,0
59397016,Female,60,1,119353.32,1,1,105296.21,1
20513260,Female,35,0,125601.81,3,0,186446.39,0
24587645,Male,63,5,37837.93,4,0,13727.6,0
3037333,Female,41,2,91805.97,2,0,31709.58,1
29246227,Male,21,8,31776.54,4,1,16595.54,0
83568897,Female,21,7,124536.62,3,1,173955.27,0
87817962,Male,49,10,8062.6,4,1,31546.57,1
7260186,Female,28,10,154824.99,3,0,60789.06,0
68056705,Male,24,7,25378.1,1,0,126214.13,1
2692663,Female,57,1,55142.89,3,1,68916.93,0
83534476,Female,50,4,108550.9,4,0,93268.01,0
57475117,Male,67,6,238729.59,3,1,170137.64,0
7877786,Male,65,3,45529.27,2,0,67104.49,1
10930862,Male,33,0,22987.04,1,1,48963.95,0
69389699,Male,41,10,169335.81,4,0,55854.53,1
3936805,Female,45,0,120703.05,1,0,130252.87,0
8685246,Male,50,1,12953.08,3,1,175848.2,1
89287999,Male,34,1,131226.0,2,1,128748.81,0
26383879,Female,27,8,20487.06,1,1,192131.83,0
24601418,Male,68,1,176659.9,3,0,93247.81,0
71370314,Female,59,4,181739.69,4,0,150176.07,1
57818707,Female,66,9,175822.1,4,1,83684.6,0
60296369,Male,37,4,78776.5,2,0,55453.05,1
60506285,Male,41,2,97433.01,4,1,198755.24,0
93711202,Male,60,2,147386.8,2,0,58076.05,1
22227617,Male,54,6,77413.93,3,0,14003.21,0
4830222,Female,31,2,239439.9,4,1,89498.96,1
51875404,Female,30,8,100759.69,2,1,120362.69,0
81472671,Female,57,6,232395.75,2,1,118376.4,0
2120870,Male,46,1,4213.52,3,1,42464.15,1
19499437,Female,61,7,205172.09,1,1,91462.39,0
52559986,Male,59,8,19815.66,3,1,20807.97,0
34673387,Female,46,6,51055.15,4,0,162949.57,0
91157222,Male,31,2,14927.98,1,0,24338.4,0
44514785,Female,29,7,236822.41,3,1,162303.4,0
47453453,Female,62,9,129604.9,2,1,149020.67,1
2849556,Male,42,9,20659.39,1,0,45300.46,0
10928958,Male,64,5,38641.64,2,0,105792.6,1
59703846,Male,41,1,208227.51,3,0,62975.67,0
28694961,Male,60,8,52108.56,2,1,158596.33,0
58347635,Female,40,0,243211.54,2,1,47159.16,1
89230922,Female,24,8,146352.08,2,1,122890.62,0
69368164,Female,45,8,224195.44,2,0,116138.26,0
9265563,Female,62,10,151243.09,1,1,75170.08,1
8281652,Male,33,1,210937.65,1,1,99521.22,0
70112765,Female,21,1,42418.75,1,1,85020.99,1
690279,Female,43,6,91462.89,2,1,124101.3,1
887186,Male,68,5,60475.96,4,0,93146.32,0
49363876,Female,52,2,864.29,2,0,181283.58,1
92444035,Female,42,5,235373.5,2,1,122997.09,1
6483639,Female,34,4,235799.06,1,0,26230.84,0
29731776,Female,32,6,44418.22,2,1,89554.99,1
79756036,Male,64,10,191373.65,2,0,150896.06,1
74553629,Female,25,4,92294.61,2,1,181367.49,1
11433648,Male,45,9,118662.57,1,1,29500.82,0
70054450,Female,63,2,171615.35,3,1,180568.86,0
59376668,Male,36,3,144546.13,4,1,63130.26,0
87654407,Male,40,8,78055.74,4,1,81291.6,1
56967232,Male,51,4,72539.96,2,1,88583.37,0
88944718,Female,37,10,164765.49,2,0,93461.58,0
17997290,Female,53,7,182504.73,2,0,189637.96,1
91496384,Male,40,9,219385.35,2,0,34446.42,1
9254886,Female,45,10,147005.87,2,0,150840.13,1
13574119,Male,32,9,215839.43,3,1,30961.93,0
62971856,Male,19,5,207555.19,2,0,169105.5,1
43673096,Female,69,2,117217.22,1,1,138855.0,1
9503894,Female,46,4,10855.92,3,1,170880.18,0
13087256,Male,52,2,134146.72,1,1,189621.47,1
98422836,Female,43,7,113894.34,1,0,10863.08,1
13804789,Female,32,3,86899.54,4,0,58375.89,0
37186040,Male,37,5,141699.58,2,1,145247.4,0
56919524,Male,52,8,202119.27,3,0,156211.41,1
76477911,Female,58,2,216303.68,1,1,97714.14,0
35163802,Male,58,7,43462.21,3,0,23285.99,0
39559605,Female,42,6,72922.11,4,1,168523.32,1
82746042,Female,47,5,68920.48,3,0,183145.43,0
31595574,Female,65,3,80730.97,2,1,90877.78,0
42779494,Female,44,7,201159.68,1,0,174715.43,0
6661611,Male,55,0,151184.52,4,1,147821.39,0
88064529,Male,70,7,183046.6,1,1,138049.87,1
78186090,Male,40,4,209913.66,1,1,144188.49,0
33667753,Male,45,10,221267.74,1,1,45625.38,0
84527937,Male,22,9,14230.18,3,1,96226.12,0
367348,Female,19,0,81098.88,1,1,95769.76,1
27081315,Female,19,10,121343.72,4,0,151345.37,0
96921321,Female,32,3,209279.39,3,1,162482.21,0
16345360,Female,51,5,133233.71,3,0,156530.57,0
42150137,Female,61,8,125395.96,3,1,126060.01,0
34139429,Male,56,2,190291.36,2,0,134784.43,1
72365014,Male,49,9,116750.26,1,1,119085.05,0
31606832,Female,55,7,187464.15,2,1,110210.74,0
36584352,Female,38,7,115414.71,1,0,175565.79,0
77821404,Male,64,8,219968.38,1,1,19607.68,1
36726886,Male,59,9,49726.67,2,1,41261.52,1
89033122,Female,24,6,236564.78,3,1,65017.7,1
33496552,Female,20,9,24790.25,4,0,153467.02,1
74676660,Male,25,10,118108.67,3,1,99683.31,1
43062499,Female,70,2,22910.67,2,0,184313.45,0
41596844,Female,34,8,233458.12,4,0,52010.59,1
12244793,Male,51,2,124870.51,2,0,133905.54,0
64760449,Female,39,10,114639.11,2,0,89514.83,1
47537299,Female,24,6,53407.5,3,0,10936.98,0
8081104,Female,32,3,180483.14,4,0,24379.01,0
6346357,Female,68,6,5727.32,2,0,157796.21,1
66398806,Female,34,3,96481.63,1,0,24139.9,0
47201193,Male,68,0,156020.7,3,0,17670.15,1
74841412,Male,22,7,93211.12,2,1,118834.58,0
53246469,Female,59,4,157398.95,2,0,148219.05,1
96374053,Female,21,10,76379.66,2,1,60736.83,0
56609140,Male,43,8,144320.68,3,0,77891.7,0
81642010,Male,46,2,27626.05,1,0,164904.82,1
46773786,Male,22,2,30223.86,4,1,162968.76,1
66617672,Female,40,10,5400.26,3,1,144296.27,1
99795913,Male,55,1,105267.59,2,0,143919.9,1
94031306,Female,29,2,34278.64,1,1,166125.94,0
81951179,Female,53,0,187927.13,4,1,13716.05,0
2786775,Female,46,3,26645.92,1,0,178352.3,0
6823507,Female,22,5,75449.58,4,0,156694.55,0
85050457,Male,53,8,115506.28,3,1,44787.5,1
75890020,Male,34,8,44590.65,2,1,156894.18,0
67457266,Female,25,0,102261.14,3,0,78460.16,0
40255446,Female,38,8,190665.33,4,0,167794.77,1
78311816,Male,31,5,201201.44,4,1,134211.51,1
82168251,Male,43,1,64745.43,2,1,75807.24,1
3224224,Female,38,8,226031.53,1,0,128152.53,0
33860182,Male,36,0,206494.85,3,0,107873.08,1
78431791,Female,58,6,142229.6,2,1,112153.48,0
79757493,Male,30,8,123720.46,3,1,37899.99,1
84957086,Male,47,3,222202.26,4,0,20525.32,0
11053424,Female,23,1,239985.48,1,1,52423.6,1
13718065,Male,66,3,11055.08,3,0,158860.95,1
60730808,Male,29,9,239386.06,4,1,180187.3,0
67098700,Male,37,8,5017.72,4,1,155166.57,0
72278628,Male,36,0,68487.58,3,0,175177.98,0
19213324,Female,29,2,194722.32,2,0,16881.68,1
64574866,Female,34,1,39995.83,2,1,179629.69,1
91977399,Male,36,1,11818.21,1,1,33343.62,1
43914978,Male,52,2,85269.54,1,0,39500.46,0
86414541,Male,23,9,77302.39,3,0,177528.08,0
23385150,Male,31,6,43780.35,3,0,129937.95,0
1154487,Male,32,1,66589.56,4,1,25644.17,1
16750297,Male,37,1,139966.66,1,1,56293.59,0
34518195,Female,62,9,25769.03,3,1,146327.07,1
29307033,Male,41,4,120146.55,2,1,20151.62,1
43132744,Male,30,5,58804.65,3,0,59334.04,1
21813921,Female,42,6,98412.77,2,1,104161.27,1
96218201,Female,18,5,52.95,3,1,153441.47,0
25436441,Male,56,2,172136.09,3,1,59945.32,0
76303638,Male,48,4,121594.43,2,0,139174.04,0
27617286,Male,41,0,143157.52,3,1,23021.71,0
49459805,Female,53,7,105398.19,4,1,33599.05,0
8555274,Female,62,0,1492.96,2,1,137296.45,1
59253571,Female,53,1,162719.67,1,0,111898.79,0
41765087,Male,66,6,92841.62,4,1,101112.2,1
67181686,Male,42,4,26913.94,4,0,180503.91,0
26832492,Female,28,9,80969.28,1,0,173238.65,0
32234264,Male,62,9,107341.4,4,0,123221.21,0
13341096,Female,50,10,42516.44,1,0,59956.52,1
88242697,Female,58,7,234757.48,3,0,66899.96,1
51644464,Female,45,4,187153.49,1,1,59171.98,1
60381953,Male,24,8,237536.95,1,0,102123.07,0
3023829,Female,64,5,198109.95,4,0,182471.85,0
96472849,Female,42,0,21970.04,3,0,126475.8,1
14677287,Female,57,1,208712.68,1,0,37874.22,1
11857264,Female,20,5,14977.85,4,1,57265.03,1
4767352,Male,61,6,132151.0,1,0,158850.24,1
70829319,Male,32,4,131452.9,4,0,155306.47,0
25747055,Female,59,7,110916.22,3,0,41821.35,1
34956470,Male,36,7,111745.55,1,1,64939.97,1
72462862,Female,31,1,128182.64,2,0,100155.97,0
96954298,Female,62,4,159581.58,4,0,176086.92,0
55795315,Male,36,6,235221.1,3,1,126632.57,0
52431643,Male,35,9,110648.51,4,1,48086.47,1
74621017,Male,20,7,155385.46,4,1,48470.76,0
28490509,Male,48,4,171856.34,2,0,143318.27,0
29524226,Female,52,1,6652.8,4,0,138949.14,1
10694420,Male,37,7,145010.14,3,1,28392.4,1
32407363,Male,59,9,39069.47,1,1,34828.36,1
69250836,Male,44,0,128485.95,4,0,109057.94,0
2973033,Female,33,3,233463.95,3,1,110304.02,0
99869156,Male,31,10,1106.42,2,1,143453.6,1
38086327,Female,64,8,130320.48,2,0,35701.51,0
26620267,Female,35,7,114719.68,3,0,186098.65,1
26817079,Male,37,4,147002.91,3,1,160389.87,1
33572419,Female,29,5,134008.31,3,1,39750.46,1
49001142,Female,70,10,117846.7,2,0,47543.45,1
59905094,Female,30,6,88170.65,4,0,23875.45,0
95670255,Female,56,6,105010.63,3,1,188431.0,1
84091298,Male,41,4,241156.93,4,0,198453.61,1
50541921,Female,53,7,11045.66,2,0,84549.43,1
35869291,Male,42,0,44059.23,1,1,31344.84,1
59006793,Female,49,1,147684.87,1,1,196318.46,1
71720318,Male,32,8,65629.44,1,1,110222.96,1
9461763,Female,60,8,51454.78,2,1,78323.42,1
65141068,Male,70,1,68154.68,4,1,127962.31,1
79452444,Male,50,9,183858.74,3,1,104336.62,0
78497012,Female,44,6,215388.04,4,0,188951.12,1
69206633,Male,36,2,212832.93,4,0,36623.03,1
24084083,Male,56,8,217911.68,1,0,172192.09,0
48180505,Female,59,2,18286.36,2,0,128071.86,1
6902706,Female,30,3,171337.53,2,0,83114.17,1
85290477,Male,52,9,120585.78,4,1,117063.91,1
21008279,Male,47,10,115515.85,4,0,85800.03,1
30015134,Male,20,0,116248.55,1,0,181518.84,1
5248479,Male,32,5,183208.82,3,1,27992.74,1
37432351,Female,31,2,57546.54,4,1,115766.14,1
28135761,Female,48,5,42119.21,4,0,128358.03,0
91003170,Male,47,8,58332.74,1,1,10627.12,1
44023300,Female,38,2,160220.92,4,0,41771.08,0
91712349,Female,69,3,101019.22,3,0,26678.55,1
72245616,Female,58,2,66193.89,3,0,55255.68,0
62870332,Female,32,7,66044.0,3,1,167419.85,1
24234640,Female,48,2,91226.85,1,1,138021.38,1
59122240,Female,68,4,104278.47,2,0,138446.63,1
43569554,Female,19,9,69274.16,4,1,101695.94,1
67564551,Male,31,5,160631.49,1,0,23603.51,0
27767845,Female,69,2,36204.73,3,1,76540.38,0
31843764,Male,26,1,116999.44,3,1,154871.58,0
17435063,Male,21,0,86966.04,2,1,187012.94,1
36540898,Male,22,3,42393.96,1,0,129834.14,0
9045748,Female,65,0,233478.89,4,0,45585.72,1
27976270,Female,47,9,194852.99,4,0,137279.97,1
30583038,Male,25,8,37047.51,2,0,190414.57,0
44764412,Female,66,7,7075.24,1,0,156446.66,1
42645144,Male,22,4,122198.69,1,1,55570.7,0
41638785,Female,37,7,3550.7,2,0,187988.24,1
98117856,Female,55,1,9212.64,2,1,176749.49,1
90262942,Male,56,0,146711.64,2,0,152811.08,1
53000399,Male,37,3,144527.34,2,1,17091.6,1
11401966,Male,31,10,232929.75,4,1,146123.33,0
25102070,Male,54,10,227931.1,4,0,58836.94,1
30936159,Female,37,10,58106.05,4,1,69672.23,0
9393820,Female,40,5,38670.27,3,1,175235.99,1
65298226,Female,45,1,232641.8,4,0,104835.72,0
87349897,Male,29,2,241427.03,2,0,62611.69,0
96674051,Male,26,7,22284.04,2,1,70697.19,1
38483248,Male,52,6,185389.31,3,1,79365.32,1
21232326,Male,26,7,1030.59,4,1,67688.02,0
58775630,Female,32,5,37521.13,4,0,178094.65,0
31251131,Male,35,5,216688.54,4,1,48982.92,0
52242961,Male,45,10,128242.69,2,1,27958.37,0
23982037,Female,50,6,240046.9,2,1,68465.64,0
92754607,Female,29,6,109239.22,1,1,70145.74,0
48567106,Female,39,7,99699.81,1,0,58373.37,1
47943013,Male,42,5,182966.87,3,0,108393.6,1
90966948,Female,18,10,47566.09,2,0,138413.93,1
83839082,Female,39,1,243069.66,2,1,152624.24,0
28541480,Female,29,0,205636.75,3,1,33698.2,0
31455204,Female,58,10,164838.2,2,1,16880.2,0
46882528,Female,67,8,34512.83,1,1,83982.85,1
61763747,Female,63,1,102841.59,2,1,113563.14,0
36612950,Female,41,1,34831.3,1,0,11438.43,0
7887167,Male,32,2,95367.07,3,0,132874.28,1
95396384,Female,39,3,70703.84,4,1,39495.29,0
43232585,Male,37,7,144435.8,1,1,73886.46,0
83877148,Male,61,5,23547.41,2,1,127338.11,0
69877208,Male,48,6,181389.57,1,0,188357.93,0
63303120,Male,31,3,179052.55,2,0,34913.33,1
88880363,Male,24,8,175947.37,3,1,43703.61,1
38747712,Male,30,0,147780.72,4,0,144177.12,1
68444092,Female,27,4,177727.56,3,0,166979.03,0
45197195,Male,18,9,173472.25,3,0,40833.41,0
90684895,Female,28,9,98483.42,3,1,128023.34,1
278213,Male,59,10,235707.14,1,0,145436.39,0
5996959,Male,18,4,211080.33,2,1,199206.02,0
98468260,Male,24,0,237030.78,1,1,56629.74,0
81603033,Male,20,7,241238.13,2,0,191361.31,0
54687829,Female,67,1,183225.28,4,1,95625.39,0
57202039,Male,20,10,125365.36,4,1,154374.8,0
52538312,Female,67,7,12791.49,4,1,65988.3,0
72171646,Female,41,10,56536.89,2,0,176786.99,1
67382838,Female,46,4,137007.45,2,1,132332.96,1
42923928,Female,52,9,232844.93,4,0,125866.67,0
62321631,Female,26,6,18831.89,2,0,150966.68,1
2996948,Male,49,3,148682.86,3,1,172380.64,0
95040185,Male,29,7,109081.38,3,0,179546.7,1
44501181,Female,21,7,83371.37,3,0,119186.38,0
98021239,Male,54,1,195698.28,3,0,98291.37,1
36324324,Male,46,9,38083.53,4,0,179293.89,0
87676489,Male,51,8,214691.72,4,1,181849.49,1
65489112,Female,56,6,51543.66,1,0,29409.11,1
7529356,Female,44,10,215283.83,4,0,161609.88,1
74137373,Male,54,2,90232.21,1,1,120692.02,1
81732082,Male,67,9,176472.62,3,1,85172.18,0
95416960,Female,49,5,118957.68,4,1,140793.52,1
57131793,Female,56,5,154845.72,4,1,172383.73,1
58982692,Male,39,4,228196.14,1,0,27965.44,0
79890683,Female,52,1,228116.39,1,1,156014.23,1
24940615,Male,47,3,157393.47,3,1,182797.88,0
61112965,Female,28,2,16396.03,2,0,87321.13,0
45307546,Male,52,10,13471.75,1,0,42163.79,0
3476227,Female,68,10,109348.75,2,0,144390.9,1
29697723,Female,36,6,142472.59,1,1,71848.33,1
36387416,Male,25,2,146523.2,1,0,178764.46,1
97340178,Female,57,4,153242.33,4,1,91666.03,1
14591029,Male,24,5,85213.76,1,1,196951.87,1
69022063,Male,44,8,83843.42,4,0,31243.7,0
98092262,Male,70,3,72779.64,1,0,194073.36,0
15891711,Female,64,3,144852.73,3,1,126398.56,0
40838759,Female,23,5,232967.6,1,1,105500.05,1
96070768,Male,58,4,32766.38,2,0,37403.31,1
57618451,Male,18,9,221487.87,1,0,73103.0,0
91069575,Female,42,6,238735.9,1,1,117132.11,1
807294,Male,48,3,47509.98,2,1,182303.85,0
94004641,Female,70,4,121012.58,1,1,93336.45,1
32615446,Female,30,1,57148.49,1,1,145799.84,0
28974088,Male,62,10,143661.56,4,1,62630.89,1
94978234,Female,20,4,44520.32,4,1,24989.79,0
66472301,Male,66,0,188446.68,4,1,57850.47,1
73147104,Male,58,10,202704.63,2,0,166113.51,1
55233112,Male,63,5,228456.15,2,1,48131.04,0
84498006,Female,40,5,236486.47,2,0,102768.38,1
91637014,Female,33,4,143836.85,3,0,73068.65,0
66144321,Female,65,4,220909.26,3,1,93481.47,0
11478191,Male,68,2,74911.52,1,0,34104.73,0
35713665,Male,39,2,153629.35,2,0,77283.32,1
19162276,Female,56,4,61275.82,3,0,90981.39,0
76159979,Male,43,3,234529.57,4,1,104887.8,1
34534865,Male,35,8,4558.85,3,0,196455.32,1
60921964,Male,20,2,193539.61,1,0,158048.96,1
93630773,Female,45,0,174264.38,1,0,53007.76,1
86064937,Female,67,4,41034.87,2,0,13841.92,0
36621652,Male,31,3,169480.32,3,0,174928.51,0
51323536,Male,25,10,114333.61,1,0,22536.6,1
98720336,Male,45,10,188282.56,4,0,173106.58,0
22225894,Female,60,1,35247.8,4,0,140312.68,0
19026522,Female,43,5,145794.65,3,1,33236.76,1
40908208,Male,47,5,233741.97,1,0,178799.92,1
23049607,Female,38,8,158609.36,3,1,64535.57,1
58738129,Male,26,3,132816.3,4,1,67056.9,1
45389097,Male,50,9,111380.46,4,1,66349.34,1
69994530,Male,56,6,9330.08,3,0,115648.35,1
34601639,Female,69,2,105689.64,2,0,89681.87,1
73988965,Male,26,5,19406.66,4,1,154274.74,0
94068562,Male,56,7,160701.86,4,1,59154.26,1
48303624,Male,38,4,124753.16,3,1,131252.89,1
51950715,Female,30,0,138348.11,1,1,46783.91,1
78105631,Male,53,8,38912.37,1,0,102765.08,0
77323018,Male,52,1,127233.29,2,0,181328.9,1
12376936,Female,37,9,35917.91,3,1,191901.54,0
9430241,Male,59,1,110040.08,1,1,86858.65,1
6805897,Male,67,1,211218.72,2,0,194224.58,0
63927924,Male,67,1,120549.36,4,0,131288.68,1
11155138,Female,66,5,137719.33,4,0,149922.38,1
5894676,Male,21,6,207315.7,2,0,185659.83,1
28455567,Male,57,3,71133.27,1,0,129608.07,0
5325679,Female,36,1,134695.58,2,0,147185.5,0
60602831,Male,18,2,141911.07,4,0,53551.17,0
20777585,Male,21,0,28417.03,4,0,68734.41,1
22221212,Female,37,3,127730.85,3,0,95364.06,1
18835090,Female,32,9,212000.63,4,1,40677.98,0
74913687,Female,22,3,160742.76,3,0,30447.47,1
36466089,Female,53,10,127326.28,1,0,131121.12,1
98098573,Male,56,8,142959.76,4,1,150853.71,1
95655972,Male,39,8,41375.63,2,0,68252.27,1
77373239,Female,46,9,238632.17,1,1,94110.06,0
6194734,Female,69,2,14483.68,2,1,26037.1,1
31490465,Male,59,1,32430.1,3,1,148470.41,0
60508405,Female,65,2,215010.73,3,0,91320.36,1
33017071,Male,36,8,26214.08,2,1,86416.41,1
77933816,Male,40,6,235973.93,1,0,196763.12,0
36877693,Male,28,1,18264.48,1,0,186080.0,0
28712756,Male,53,7,184640.58,1,1,106893.55,0
83595057,Male,44,7,149850.83,2,0,152655.91,1
18965197,Male,48,0,132310.98,2,0,23469.58,1
36062597,Female,24,1,90647.96,3,0,68971.42,0
574830,Male,26,1,107439.3,3,1,59220.1,1
7836302,Female,48,2,200938.54,1,1,112350.56,0
62237420,Male,60,7,151485.9,3,1,182475.95,1
67722668,Female,57,3,106541.73,2,0,120156.42,1
64275440,Female,52,4,192603.5,3,0,170869.34,1
32322711,Male,60,0,239665.18,3,1,190593.5,1
15751673,Female,59,2,14812.86,3,0,75307.36,0
27537842,Female,47,9,49461.66,2,1,24452.6,1
75528750,Male,31,1,232340.43,3,1,58126.3,0
81966264,Male,19,3,41606.84,3,0,35367.01,0
46692849,Female,27,3,23716.67,4,0,32769.8,0
24653352,Female,31,4,180930.94,3,1,10457.88,0
87887422,Female,27,3,116981.54,3,0,16881.85,1
54888146,Male,47,3,86138.31,4,1,124290.1,0
65415130,Female,51,8,211489.21,1,1,184303.97,0
46934832,Male,25,4,228541.28,1,0,41492.63,0
17260267,Female,30,3,31434.73,1,0,142822.7,0
18642459,Male,54,6,239299.66,1,1,166858.18,0
76021587,Female,47,1,234382.0,4,0,85021.11,0
6044341,Male,23,1,91589.26,1,0,99423.75,1
7320140,Male,29,4,15006.43,1,1,147374.8,1
52260141,Male,61,7,188949.57,2,0,33240.15,1
71151666,Female,44,4,137664.47,2,1,111520.64,0
48230157,Male,55,3,236563.15,2,1,44389.93,1
41854606,Male,60,4,243738.5,1,0,144418.14,0
59244827,Female,61,2,233219.82,3,0,56226.5,1
65020499,Male,38,9,102924.97,1,1,54455.18,1
97689171,Female,46,0,201328.84,4,1,182380.18,0
36742198,Female,38,5,189253.25,4,1,157767.21,0
22227705,Male,53,8,89775.17,1,1,38781.48,1
38481061,Male,45,7,23969.85,4,1,117502.11,0
5729849,Male,36,10,94200.64,1,1,12443.8,1
43387533,Male,24,4,219949.52,1,0,54922.45,1
97807505,Female,32,5,196695.67,1,1,154667.39,1
49013910,Female,64,10,203025.57,4,0,38554.86,1
77362323,Male,51,4,196539.53,1,0,112480.34,0
65863830,Male,55,1,194317.2,2,0,138594.62,1
84401044,Male,41,10,90664.7,4,0,116853.93,1
65742952,Female,40,8,236891.49,1,1,61670.31,0
81898915,Female,28,8,198196.78,1,1,153403.98,0
4197824,Male,65,2,113076.23,2,0,19892.31,0
68723192,Male,21,0,90329.09,4,0,130650.83,1
38746356,Male,52,6,138352.38,2,0,181710.88,0
14960375,Male,55,5,88606.04,2,1,192448.51,1
40993036,Female,41,0,216165.05,4,0,47254.5,1
64543887,Female,66,9,170769.55,2,0,193690.3,1
3836981,Female,41,0,248201.0,1,0,26656.64,1
29317245,Female,47,0,27678.51,4,0,38194.37,0
21323357,Male,40,1,38172.49,3,0,101608.8,1
22845053,Female,70,7,219269.74,3,0,17910.86,0
61974408,Female,19,1,220194.94,3,0,196210.5,1
69311900,Female,45,7,37845.89,3,0,152053.27,1
66468537,Male,45,4,30655.35,3,1,57355.91,1
15918736,Male,32,10,176775.93,4,0,147607.59,0
89853567,Female,37,3,235617.37,1,1,84757.73,1
93810613,Female,63,9,161342.67,2,0,58420.64,1
34147094,Female,36,2,91857.54,2,0,164012.19,0
32114316,Male,29,8,228785.9,1,1,60260.9,1
47614637,Male,43,6,6748.86,2,1,56900.5,0
63534449,Female,20,2,63076.75,3,0,72008.96,0
22409075,Male,23,4,62482.6,3,1,179279.41,1
1849538,Male,27,0,180397.29,3,0,92741.01,0
97000369,Male,29,5,99059.28,4,1,174989.14,1
37691805,Male,57,9,191641.2,4,1,142899.38,0
80389976,Male,42,0,221029.74,2,0,197696.77,1
69622611,Male,42,1,17004.14,1,1,43022.46,0
2280062,Female,41,7,146953.01,3,0,190634.31,0
4940871,Male,27,9,20825.57,4,1,184220.15,0
2662060,Female,47,10,20879.93,2,0,31139.5,0
79926083,Male,34,3,25227.23,1,1,167681.71,1
57123677,Female,60,3,233130.05,1,0,56830.1,0
23391860,Male,41,5,202161.63,1,1,170828.09,1
87449218,Male,42,5,81425.82,1,0,36974.9,1
12761560,Male,59,4,15561.06,3,1,140024.11,0
68560982,Female,28,1,142355.11,3,1,77341.09,0
69964390,Female,34,10,155933.28,1,1,99995.91,0
19453580,Female,35,5,101045.11,2,1,46648.81,0
44976808,Male,33,3,146393.61,4,1,131574.23,1
17839588,Male,65,1,61436.59,2,1,47405.02,0
45219256,Female,47,0,158505.96,3,0,35961.82,1
37642845,Male,29,5,161626.09,1,1,130208.48,0
55762338,Female,68,2,12465.12,1,0,169104.89,1
13429056,Male,26,3,189572.4,1,1,157710.01,0
57834121,Female,64,9,106455.07,4,1,32810.89,0
90431287,Male,47,8,207594.58,1,0,47935.21,1
36284040,Male,52,1,172368.69,4,0,116793.4,1
90674061,Male,26,1,13193.65,3,0,194685.12,0
74819747,Female,65,2,142236.27,3,0,45905.58,1
76131508,Female,22,3,59743.28,4,0,122277.95,0
98360453,Male,61,0,223524.49,4,1,96559.7,0
14151431,Male,18,9,228792.21,1,1,147933.76,1
51184373,Male,33,2,74095.78,1,0,180122.93,1
26023587,Male,70,8,113831.51,3,0,184643.74,0
30096889,Male,29,9,248284.18,4,0,189587.79,0
5491283,Female,66,1,125562.01,3,0,57913.96,0
94384477,Male,58,3,239289.84,4,1,42115.95,1
41109313,Female,48,3,60630.0,4,0,154840.98,1
16589408,Female,47,0,120566.37,2,0,184334.95,0
4923559,Female,18,9,21458.27,4,1,32128.46,1
10982232,Female,46,4,1528.06,4,1,176425.73,0
27870135,Male,22,7,149862.34,2,0,86605.29,0
89939191,Male,52,10,87206.86,2,0,102422.2,1
6300408,Male,25,3,180361.98,4,1,50549.28,1
10709055,Female,24,4,228535.3,3,0,179664.78,1
45511632,Female,51,6,142731.22,2,0,77110.03,1
29437377,Male,64,7,204600.91,1,0,13792.48,1
2185069,Female,35,8,214409.41,3,0,45276.71,1
52207888,Female,37,7,70650.99,1,1,172196.65,0
86578022,Female,64,4,38762.66,3,1,145627.21,0
70105200,Male,53,1,118192.69,1,1,142379.82,0
5047022,Male,58,1,150213.47,4,0,194719.59,1
24862752,Female,43,3,198449.19,1,1,109817.27,0
34072591,Male,49,0,156251.82,1,1,124628.9,0
55998824,Female,40,7,26641.27,2,1,46953.42,0
73046309,Female,47,4,30391.24,1,0,77912.24,1
99783816,Male,49,5,200123.25,2,0,93357.49,1
96492408,Male,50,7,45534.32,4,1,174417.88,1
35124628,Male,37,1,18796.92,2,0,36823.65,1
29381411,Male,29,4,69912.63,4,0,155544.85,0
40438889,Male,55,10,225472.27,1,1,105186.75,0
63437406,Female,19,0,66900.73,4,1,72392.37,0
27098209,Male,53,2,109478.13,4,0,10247.13,1
55186774,Female,43,6,114735.92,4,0,48266.75,0
74741097,Female,23,0,171734.01,2,1,40908.48,1
54943659,Female,32,2,39431.3,3,0,117666.44,0
56802691,Male,18,2,66168.34,3,1,120064.46,0
47485242,Female,44,4,234036.01,4,0,160475.55,1
86438372,Female,24,8,62532.04,2,1,128324.74,0
15013705,Male,28,0,140984.64,1,0,50938.22,1
81869779,Female,64,3,183764.77,3,1,32110.13,0
65831828,Male,50,0,9323.62,2,1,108474.67,0
20274791,Male,52,2,174636.25,3,0,52375.8,0
75608138,Female,69,9,134243.35,4,0,108129.18,0
1961355,Female,25,7,147161.26,2,1,68507.1,1
76257622,Male,66,1,105720.19,3,0,154127.96,0
75222025,Male,49,1,229236.93,1,0,194494.52,1
72140343,Male,67,4,121466.97,1,0,93355.19,0
90747496,Female,18,6,242297.8,3,1,86519.22,0
64977170,Male,29,2,38612.1,1,0,79970.11,0
75409491,Male,61,7,42204.15,2,1,127745.1,1
67972751,Female,32,4,76174.8,1,0,161012.29,1
5302579,Male,61,4,11673.08,3,0,57441.65,1
89733798,Male,24,3,221712.89,3,0,145249.01,1
60437938,Male,64,8,16597.6,3,0,122779.07,0
62534145,Male,46,4,217941.47,2,1,39330.41,0
13847121,Male,61,9,119705.56,4,1,181376.75,1
46074505,Female,52,8,58493.83,4,0,158516.25,0
5870415,Male,53,8,239389.31,1,1,10358.74,0
25790527,Female,29,6,231723.29,4,0,172980.98,0
91554783,Male,25,2,115308.94,2,0,143490.83,0
66153232,Male,26,9,100030.87,4,0,142696.36,0
29520263,Male,42,4,129110.35,4,1,39573.34,0
18643079,Female,33,10,211108.76,3,1,131763.54,0
27135079,Male,23,4,69774.21,2,1,167446.88,1
36079782,Female,61,4,189758.64,3,1,162123.98,0
74459513,Male,22,6,210874.81,2,1,111172.07,0
67310960,Male,60,5,20631.16,2,0,169099.0,1
27120030,Female,27,4,162851.52,1,1,154490.18,0
76188869,Male,26,1,189399.22,4,1,66932.09,1
2414786,Female,21,4,31081.81,1,1,68053.49,0
78271856,Male,36,8,238068.37,2,1,59654.96,1
53654400,Female,53,9,150361.12,1,0,54101.23,0
94776496,Female,38,0,91876.05,3,1,90091.3,1
16284851,Female,55,9,66201.85,1,0,199098.6,1
63136723,Male,40,4,65219.52,2,0,181881.51,0
46248723,Male,20,0,97485.67,2,1,189382.35,0
21372207,Male,40,4,187770.59,3,0,45255.29,1
34570499,Male,26,5,186413.79,3,0,65024.76,1
5030635,Male,65,9,1641.42,1,0,31485.84,1
45497355,Male,43,9,231447.42,3,1,66980.82,0
12889302,Male,57,5,149958.9,2,1,27625.5,0
67931588,Female,36,8,126272.12,1,0,26553.17,0
5827761,Male,37,10,32384.11,2,0,68534.13,1
94898447,Female,52,5,210114.28,3,0,17043.54,0
48728747,Female,57,5,169033.44,3,0,119805.7,1
33615842,Female,60,10,114862.65,2,1,151866.27,1
58474298,Female,26,3,84951.92,2,1,156702.14,1
74176427,Female,35,8,14048.37,1,1,44612.0,1
82924082,Male,64,1,235760.38,4,1,55284.96,1
18405045,Male,66,2,214049.86,3,1,164936.24,0
17585114,Male,35,0,205231.99,4,1,65368.28,1
62785605,Male,68,3,51835.33,3,1,63095.96,0
52140679,Male,54,4,161335.03,2,1,73747.92,1
32134577,Female,41,5,32511.24,1,0,33432.5,1
25355544,Female,59,5,239386.55,1,0,33752.95,1
84021853,Female,29,7,97978.04,3,0,137537.8,0
69089242,Male,27,6,76244.76,1,1,126149.42,1
80970413,Male,18,6,25797.81,4,1,130912.09,0
64976675,Female,68,0,167262.79,4,1,188934.39,1
95743409,Male,26,5,139456.1,4,1,44750.34,0
41058993,Female,38,2,182338.68,1,1,156238.1,0
20480682,Female,49,6,243752.78,3,1,28470.45,0
80868672,Male,38,2,193958.79,1,1,65932.91,0
71154670,Female,32,9,140028.1,4,1,39119.48,1
45555614,Female,24,5,158275.11,4,1,187362.2,0
65567476,Male,18,3,215542.61,1,0,176907.07,0
95042364,Male,40,8,189881.93,3,0,87202.55,1
69364985,Female,27,2,10806.91,2,1,35164.88,1
13523955,Female,31,6,2745.56,1,0,77103.98,1
41187692,Female,68,1,117584.28,3,1,152816.06,1
74256964,Female,33,0,241459.02,2,0,183190.12,1
16342266,Male,39,10,213281.44,1,1,146980.36,0
90369441,Female,21,4,141142.23,1,0,97112.07,0
47072547,Male,37,7,122155.06,1,0,123387.79,1
1636296,Female,50,5,62760.58,2,0,199525.66,0
51919904,Female,68,5,181688.65,2,0,163395.46,1
31929021,Female,68,5,103964.67,4,1,91627.48,1
95929181,Female,33,10,23087.24,2,0,159667.15,0
56712663,Female,27,6,17721.53,1,0,12134.13,0
49379989,Female,50,2,101344.07,1,0,171132.33,0
38979708,Female,55,7,79563.74,1,0,154973.11,0
94213880,Female,40,0,160234.26,4,1,118989.12,1
88214919,Male,69,9,181873.7,1,0,41026.75,0
11358392,Female,62,7,190599.09,2,1,111389.17,1
68103660,Male,48,0,162123.48,2,0,195357.25,1
35121595,Female,34,4,79903.99,4,1,35877.84,0
93510810,Female,23,4,234726.27,3,0,53484.41,1
69802363,Male,37,9,159175.43,1,0,179971.39,1
48366041,Male,18,4,171717.7,1,1,13321.32,1
80620595,Male,18,2,182339.25,4,0,193406.72,1
66751510,Male,65,0,11485.36,1,0,146480.61,0
99769078,Female,31,7,54446.91,2,0,149737.72,0
64251127,Female,21,1,141042.57,3,0,98186.88,0
47300967,Female,20,1,178947.53,1,1,86862.43,0
28841242,Female,31,3,174517.59,2,0,64910.1,0
82908199,Male,33,3,120491.93,3,0,100897.8,1
55542748,Male,51,9,213107.51,4,0,128810.81,0
52692829,Female,51,10,191756.26,1,1,149778.32,1
45666590,Female,43,2,100573.85,3,1,92486.96,1
68631694,Male,43,7,34330.5,2,0,64941.77,0
18118324,Male,28,2,92345.2,3,1,92431.8,0
34690990,Male,62,7,21212.4,2,0,131004.73,0
53687754,Male,39,10,41985.6,3,1,126173.39,1
47296780,Female,34,1,200160.57,2,0,11870.62,1
60434151,Female,48,0,94434.35,3,1,115984.6,1
23710690,Female,18,6,18149.32,1,0,40731.79,0
62176975,Male,68,9,192217.17,1,1,82694.37,0
52637650,Male,44,1,59393.71,2,1,50209.31,1
21652026,Female,65,0,114016.16,1,1,182939.1,1
30211844,Female,32,8,29944.82,4,1,83168.67,0
50631187,Female,25,1,30367.45,2,0,186857.99,1
54542606,Male,63,3,41836.94,2,1,188266.61,1
46976340,Male,67,3,61538.28,4,1,100858.77,1
11814355,Female,64,3,165150.2,4,1,153322.26,1
50608234,Female,20,7,31906.47,3,1,109410.03,1
99469294,Female,40,4,56414.9,1,1,71846.01,0
34818348,Female,26,1,16609.86,2,0,32835.95,1
40350725,Male,66,6,196524.25,4,1,145894.57,1
92698197,Female,33,6,137593.47,2,1,122662.82,1
75184670,Female,37,10,191384.08,4,0,176161.07,1
12074435,Male,42,5,127989.55,2,0,197714.93,1
4366754,Male,43,8,178757.75,1,0,40857.8,1
96069925,Female,59,5,165849.11,1,1,148885.6,0
11715705,Female,34,6,10470.46,2,1,84129.27,1
15145258,Male,18,2,156444.91,4,0,183232.49,1
65733564,Female,66,8,96481.72,3,1,134412.8,0
50397770,Female,36,8,62232.41,3,1,26433.07,1
2201342,Female,27,0,126747.6,1,0,167059.85,1
11452038,Female,45,1,142043.84,2,1,130117.03,0
86500211,Male,34,3,205854.8,2,1,179572.33,1
32310086,Female,59,9,246638.57,1,1,25324.15,1
6433367,Male,30,0,51325.29,4,1,44158.42,0
16581219,Female,40,6,62892.82,4,0,150071.03,1
23663725,Male,30,5,155770.02,3,1,79330.48,0
46651084,Female,24,10,246659.4,1,1,33098.05,1
78474216,Male,28,0,34897.53,3,0,154335.95,1
61953451,Female,54,5,190899.31,4,0,22605.74,1
44536422,Male,23,8,80076.96,2,0,47064.59,0
67585518,Male,64,9,4147.73,3,0,58094.84,0
28067949,Female,30,3,139988.85,4,1,37645.19,1
98361676,Male,37,0,180727.45,2,1,197271.64,1
14751864,Male,44,6,10016.2,1,1,99852.85,0
73799221,Male,54,9,85526.13,3,0,82834.25,0
52620638,Female,43,7,6436.16,3,0,162651.87,0
44702241,Male,60,3,235031.83,4,0,176692.83,0
70789787,Female,25,8,173893.85,2,0,94367.49,1
549979,Female,30,3,142043.08,3,0,69845.07,0
58667570,Female,22,2,237361.76,2,0,112385.63,1
88821910,Male,19,3,26632.23,1,0,40768.78,0
42771934,Female,62,7,168979.82,2,0,67793.42,1
12570752,Male,18,1,91712.07,4,1,101184.6,0
48197244,Female,68,5,213693.11,2,1,129025.89,0
67530982,Female,42,1,190896.55,1,1,91308.5,0
65368593,Female,63,0,214811.9,2,0,14124.63,1
15032601,Female,33,4,738.39,4,1,56691.62,0
97163971,Male,26,8,69156.18,2,0,184869.92,0
14966083,Female,30,10,114075.91,2,0,188280.36,0
25504070,Male,46,1,53390.89,4,1,36840.31,0
